{"e13a69d2866c49a180d11251c79470d9.npz": 0.14984235650589686, "619286c8dec446618c92ec4282eddb8f.npz": 0.27813220820453666, "0e711f95ae98484bb19b5d133c334621.npz": 0.31582205109259187, "4f7df85f0adf459186695b70f26b029f.npz": 0.19292722341185448, "3a2a2333d80d46b99c29b2405fe5f78d.npz": 0.08311118058361369, "3ee120e455474b528b8c2ab55feba0de.npz": 0.19423157389930584, "4c0a10abad064b4387ce38afd54f94ed.npz": 0.05531718029428763, "129d0936e97546f8b79bcf1be912a297.npz": 0.06649160805049882, "b39a98025de9434da1b65963d5f39c22.npz": 0.2990060400050292, "bf23c3629f3e4f71a2bf780eb8d3dbb8.npz": 0.09333122543344011, "31af1f012dca4d71a4731c97795d98d1.npz": 0.1207611936181775, "0f85500c64b942e7853116f18a2456ee.npz": 0.45615614634629914, "3a5676f1765c45cb8bd962dbbdf56caa.npz": 0.30403848806938816, "0f40d1bdf23e449497fe26d6b9343173.npz": 0.15583491387570833, "0dc8d3ff178a484eb1b139377728fc4d.npz": 0.2517435656199756, "855b78703e4e41a092dddc5c2cae7c3d.npz": 0.19848076420106567, "eaf0c4ff1e7d4e628f53f4bac304cdc2.npz": 0.07928273413041698, "3737867aff564765b46c43587b99fc76.npz": 0.18721650801048895, "9a457bbbf6524d66bbffa48999f68501.npz": 0.1598535532677082, "d491f03e97284e7e858ee25d94ac38c3.npz": 0.1943247327519263, "361fa0b07a5943a28c9ab1befdba871b.npz": 0.09473252474753062, "bdf7f1edf6e0464482dc9df5233559a0.npz": 0.2741642018386286, "c7fcd5b28bb94b408c2092bfe4baffe5.npz": 0.17785013147223946, "af73bca479a343ff94e568113010045a.npz": 0.03854447060845589, "bea739d46f1d46488898884032385160.npz": 0.09002534994549587, "1482cbb436414867b814bcb7616a5434.npz": 0.09240423686999853, "4df72ebd75ce415e9a0090aebdd6e782.npz": 0.10499189422602236, "ce09e5b5d5f745d08ef1e5efb46986d1.npz": 0.19286745320080684, "da144ca66cbb4988921a6f8fa629a53b.npz": 0.280440009491347, "b8e76191d48f4ba6afce9fd7a7d3499f.npz": 0.11284560886277759, "35f915882b9b467284410e6a3262635d.npz": 0.07925793333218165, "91fbb891e570424b9818df5a57e46818.npz": 0.2116026472714751, "09c1772a113c49eeae3f86a969836ec1.npz": 0.12603831680351016, "094cdf32b504447693e41bf2801f4c61.npz": 0.06346050680761187, "3f860ee59a654bed854288ac26447d88.npz": 0.05370198109686231, "98ae05ca910e4d938caca9ca4ca695b5.npz": 0.15776477259209828, "2a977d986372475fa1d672b67c00217f.npz": 0.25915620366202563, "374989286838491abdc61bf6ff5c7be9.npz": 0.06351444497163011, "6a2d3efb8a0d49f1bc3a9617e1238514.npz": 0.09312520073992804, "5783399e7d844404a90ad6bfd539ea22.npz": 0.26384911650588605, "a6003fbea7fc461a95de9fd9d135d826.npz": 0.2583326707560494, "b23ecd3872464bd28f14eadf2880923e.npz": 0.2747814488200358, "fd0527b74a8d4ce9a787f7c9111750db.npz": 0.13486733637682752, "a67c6a261ebb4bfa833107372ff1e59f.npz": 0.22709003006240025, "2d87a2899a3c4e8ba9118cc0a812227c.npz": 0.058911962111215785, "844dbab8bbd747c58b3ed7a2ff308d80.npz": 0.26066603907825187, "8397bc6f8a6a411a9e6b05ab93521d87.npz": 0.1575026902776349, "049c2e24761a4ca5aded79761286fdbf.npz": 0.22218418484362742, "197255f322ba4557a4c9ad023813cc1c.npz": 0.13920017358680667, "91f27e062a084363801db96266e3ffcf.npz": 0.18440432236840726}